{
  "project_info": {
    "project_number": "441404719713",
    "project_id": "test-91fa8",
    "storage_bucket": "test-91fa8.appspot.com"
  },
  "client": [
    {
      "client_info": {
        "mobilesdk_app_id": "1:441404719713:android:fbc9ac97ea0cfc27e16020",
        "android_client_info": {
          "package_name": "ai.ai4smartcity.gassino"
        }
      },
      "oauth_client": [
        {
          "client_id": "441404719713-107ikjspeclq0bq69i4bd36162mjf8ui.apps.googleusercontent.com",
          "client_type": 3
        }
      ],
      "api_key": [
        {
          "current_key": "AIzaSyCVqL2bC2O0b5ogZi2fpjD1CdtuyyEFcZQ"
        }
      ],
      "services": {
        "appinvite_service": {
          "other_platform_oauth_client": [
            {
              "client_id": "441404719713-107ikjspeclq0bq69i4bd36162mjf8ui.apps.googleusercontent.com",
              "client_type": 3
            }
          ]
        }
      }
    },
    {
      "client_info": {
        "mobilesdk_app_id": "1:441404719713:android:c751ff92af961943e16020",
        "android_client_info": {
          "package_name": "ai.ai4smartcity.musei"
        }
      },
      "oauth_client": [
        {
          "client_id": "441404719713-107ikjspeclq0bq69i4bd36162mjf8ui.apps.googleusercontent.com",
          "client_type": 3
        }
      ],
      "api_key": [
        {
          "current_key": "AIzaSyCVqL2bC2O0b5ogZi2fpjD1CdtuyyEFcZQ"
        }
      ],
      "services": {
        "appinvite_service": {
          "other_platform_oauth_client": [
            {
              "client_id": "441404719713-107ikjspeclq0bq69i4bd36162mjf8ui.apps.googleusercontent.com",
              "client_type": 3
            }
          ]
        }
      }
    }
  ],
  "configuration_version": "1"
}